metric,score
accuracy,0.6200393863615822
precision,0.6707518850786999
recall,0.6200393863615822
f1_score,0.6431880629116773
