metric,score
accuracy,0.6520716185384319
precision,0.7191169111848885
recall,0.6520716185384319
f1_score,0.6807974420996452
